Parent ID number,ID number,Short name,Description,Description format,Scale values,Scale configuration,Rule type (optional),Rule outcome (optional),Rule config (optional),Cross-referenced competency ID numbers,Exported ID (optional),Is framework,Taxonomy
,MIPF,Master Ingenierie PÃ©dagogique et de la Formation,,,"Not yet competent,Competent","[{""scaleid"":""2""},{""id"":1,""scaledefault"":1,""proficient"":0},{""id"":2,""scaledefault"":0,""proficient"":1}]",,,,,,1,"competency,level,practice,indicator"
,MIPF-C1,ğŸ”´âœŠ ANALYSER,"<div class=""container"" style=""border: solid 4px black; padding-top: 1em; background: #cc0000;"">
<div class=""row"">
<div class=""col-md-12"">
<div class=""card mb-3"">
<div class=""card-body"" style=""text-align: justify;"">
<p><kbd><strong><abbr title=""... dans des contextes ou familles de situations..."">âœŠ COMP&Eacute;TENCE</abbr></strong></kbd><br><strong>ANALYSER</strong> des besoins de formation</p>
</div>
</div>
<div class=""alert alert-warning"">
<h1><abbr title=""... qui comprend des qualit&eacute;s, des crit&egrave;res d'exigences observables ..."">ğŸ”© Composantes essentielles</abbr></h1>
<ol class=""list-group list-group-flush"">
<li class=""list-group-item list-group-item-warning list-group-item-action""><strong>en </strong>...</li>
<li class=""list-group-item list-group-item-warning list-group-item-action"">&nbsp;</li>
<li class=""list-group-item list-group-item-warning list-group-item-action"">&nbsp;</li>
</ol>
</div>
<div class=""alert alert-danger"">
<h1><abbr title=""... dans des contextes ou familles de situations..."">ğŸ’¼ Situations professionnelles</abbr></h1>
<ol class=""list-group list-group-flush"">
<li class=""list-group-item list-group-item-danger list-group-item-action"">&nbsp;</li>
<li class=""list-group-item list-group-item-danger list-group-item-action"">&nbsp;</li>
<li class=""list-group-item list-group-item-danger list-group-item-action"">&nbsp;</li>
</ol>
</div>
<div class=""alert alert-success"">
<h1><abbr title=""... La comp&eacute;tence
est fondamentalement un
savoir-agir mobilisant et
articulant des connaissances
et autres ressources en vue
de r&eacute;soudre un probl&egrave;me
rencontr&eacute; en situation."">ğŸ“š Connaissances</abbr></h1>
<ol class=""list-group list-group-flush"">
<li class=""list-group-item list-group-item-success list-group-item-action"">&nbsp;</li>
<li class=""list-group-item list-group-item-success list-group-item-action"">&nbsp;</li>
<li class=""list-group-item list-group-item-success list-group-item-action"">&nbsp;</li>
</ol>
</div>
<div class=""card mb-3"">
<div class=""card-body"" style=""text-align: justify;"">
<table style=""border-collapse: collapse; width: 100%; height: 71.5938px; background-color: #000000; margin-left: auto; margin-right: auto; border: 3px none #000000;"" border=""1"">
<tbody>
<tr style=""height: 44.5938px;"">
<th style=""border-color: #000000; text-align: right; border-width: 3px; padding: 3px;"" colspan=""4"">
<h3 style=""text-align: center;""><span style=""font-size: 18pt; color: #ffffff;"">NIVEAU D'ACQUISITION</span></h3>
</th>
</tr>
<tr style=""height: 27px;"">
<td style=""border-color: #000000; text-align: center; background-color: #ffcfc9; border-width: 3px; padding: 3px; vertical-align: top;"">
<p>&nbsp;</p>
<p>&nbsp;</p>
<p>&nbsp;</p>
<p><span style=""font-size: 10pt;"">0ï¸âƒ£ <kbd><strong>Non acquis</strong></kbd>&nbsp;<code>âŒâŒ</code></span></p>
</td>
<td style=""border-color: #000000; text-align: center; background-color: #ffc8aa; border-width: 3px; padding: 3px; vertical-align: top;"">
<p>&nbsp;</p>
<p>&nbsp;</p>
<p><span style=""font-size: 10pt;"">1ï¸âƒ£&nbsp;<kbd><strong>Insuffisant</strong></kbd>&nbsp;<code>âŒ</code></span></p>
</td>
<td style=""border-color: #000000; text-align: center; background-color: #d4edbc; border-width: 3px; padding: 3px; vertical-align: top;"">
<p>&nbsp;</p>
<p><span style=""font-size: 10pt;"">2ï¸âƒ£ <kbd><strong>Acquis</strong></kbd>&nbsp;<code>âœ…</code></span></p>
</td>
<td style=""border-color: #000000; text-align: center; background-color: #e6cff2; border-width: 3px; padding: 3px; vertical-align: top;"">
<p><span style=""font-size: 10pt;"">3ï¸âƒ£&nbsp;<kbd><strong>Ma&icirc;tris&eacute;</strong></kbd>&nbsp;<code>âœ…âœ…</code></span></p>
</td>
</tr>
</tbody>
</table>
</div>
</div>
</div>
</div>
</div>",,,,,,,,,,""
,MIPF-C2,ğŸŸ âœŠ CONCEVOIR,"<div class=""container"" style=""border: solid 4px black; padding-top: 1em; background: #e69138;"">
<div class=""row"">
<div class=""col-md-12"">
<div class=""card mb-3"">
<div class=""card-body"" style=""text-align: justify;"">
<p><kbd>âœŠ <strong>COMP&Eacute;TENCE</strong></kbd><br><strong>CONCEVOIR des dispositifs et des plans de formation</strong></p>
</div>
</div>
<div class=""alert alert-warning"">
<h1><abbr style=""margin: 0px; padding: 0px; border-top: 0px; border-right: 0px; border-left: 0px; font-weight: inherit; font-style: inherit; font-family: inherit; font-size: 21px; vertical-align: baseline;"" title=""... qui comprend des qualit&eacute;s, des crit&egrave;res d'exigences observables ..."">ğŸ”© Composantes essentielles</abbr></h1>
<ol class=""list-group list-group-flush"">
<li class=""list-group-item list-group-item-warning list-group-item-action""><strong>en </strong>...</li>
<li class=""list-group-item list-group-item-warning list-group-item-action"">&nbsp;</li>
<li class=""list-group-item list-group-item-warning list-group-item-action"">&nbsp;</li>
</ol>
</div>
<div class=""alert alert-danger"">
<h1><abbr style=""margin: 0px; padding: 0px; border-top: 0px; border-right: 0px; border-left: 0px; font-weight: inherit; font-style: inherit; font-family: inherit; font-size: 21px; vertical-align: baseline;"" title=""... dans des contextes ou familles de situations..."">ğŸ’¼ Situations professionnelles</abbr></h1>
<ol class=""list-group list-group-flush"">
<li class=""list-group-item list-group-item-danger list-group-item-action"">&nbsp;</li>
<li class=""list-group-item list-group-item-danger list-group-item-action"">&nbsp;</li>
<li class=""list-group-item list-group-item-danger list-group-item-action"">&nbsp;</li>
</ol>
</div>
<div class=""alert alert-success"">
<h1><abbr style=""margin: 0px; padding: 0px; border-top: 0px; border-right: 0px; border-left: 0px; font-weight: inherit; font-style: inherit; font-family: inherit; font-size: 21px; vertical-align: baseline;"" title=""... La comp&eacute;tence
est fondamentalement un
savoir-agir mobilisant et
articulant des connaissances
et autres ressources en vue
de r&eacute;soudre un probl&egrave;me
rencontr&eacute; en situation."">ğŸ“š Connaissances</abbr></h1>
<ol class=""list-group list-group-flush"">
<li class=""list-group-item list-group-item-success list-group-item-action"">&nbsp;</li>
<li class=""list-group-item list-group-item-success list-group-item-action"">&nbsp;</li>
<li class=""list-group-item list-group-item-success list-group-item-action"">&nbsp;</li>
</ol>
</div>
<div class=""card mb-3"">
<div class=""card-body"" style=""text-align: justify;"">
<table style=""border-collapse: collapse; width: 100%; height: 71.5938px; background-color: #000000; margin-left: auto; margin-right: auto; border: 3px none #000000;"" border=""1"">
<tbody>
<tr style=""height: 44.5938px;"">
<th style=""border-color: #000000; text-align: right; border-width: 3px; padding: 3px;"" colspan=""4"">
<h3 style=""text-align: center;""><span style=""font-size: 18pt; color: #ffffff;"">NIVEAU D'ACQUISITION</span></h3>
</th>
</tr>
<tr style=""height: 27px;"">
<td style=""border-color: #000000; text-align: center; background-color: #ffcfc9; border-width: 3px; padding: 3px; vertical-align: top;"">
<p>&nbsp;</p>
<p>&nbsp;</p>
<p>&nbsp;</p>
<p><span style=""font-size: 10pt;"">0ï¸âƒ£ <kbd><strong>Non acquis</strong></kbd>&nbsp;<code>âŒâŒ</code></span></p>
</td>
<td style=""border-color: #000000; text-align: center; background-color: #ffc8aa; border-width: 3px; padding: 3px; vertical-align: top;"">
<p>&nbsp;</p>
<p>&nbsp;</p>
<p><span style=""font-size: 10pt;"">1ï¸âƒ£&nbsp;<kbd><strong>Insuffisant</strong></kbd>&nbsp;<code>âŒ</code></span></p>
</td>
<td style=""border-color: #000000; text-align: center; background-color: #d4edbc; border-width: 3px; padding: 3px; vertical-align: top;"">
<p>&nbsp;</p>
<p><span style=""font-size: 10pt;"">2ï¸âƒ£ <kbd><strong>Acquis</strong></kbd>&nbsp;<code>âœ…</code></span></p>
</td>
<td style=""border-color: #000000; text-align: center; background-color: #e6cff2; border-width: 3px; padding: 3px; vertical-align: top;"">
<p><span style=""font-size: 10pt;"">3ï¸âƒ£&nbsp;<kbd><strong>Ma&icirc;tris&eacute;</strong></kbd>&nbsp;<code>âœ…âœ…</code></span></p>
</td>
</tr>
</tbody>
</table>
</div>
</div>
</div>
</div>
</div>",,,,,,,,,,""
,MIPF-C3,ğŸŸ¡âœŠ PILOTER,"<div class=""container"" style=""border: solid 4px black; padding-top: 1em; background: #f1c232;"">
<div class=""row"">
<div class=""col-md-12"">
<div class=""card mb-3"">
<div class=""card-body"" style=""text-align: justify;"">
<p><kbd>âœŠ <strong>COMP&Eacute;TENCE</strong></kbd><br><strong>PILOTER des formations</strong></p>
</div>
</div>
<div class=""alert alert-warning"">
<h1><abbr style=""margin: 0px; padding: 0px; border-top: 0px; border-right: 0px; border-left: 0px; font-weight: inherit; font-style: inherit; font-family: inherit; font-size: 21px; vertical-align: baseline;"" title=""... qui comprend des qualit&eacute;s, des crit&egrave;res d'exigences observables ..."">ğŸ”© Composantes essentielles</abbr></h1>
<ol class=""list-group list-group-flush"">
<li class=""list-group-item list-group-item-warning list-group-item-action""><strong>en </strong>...</li>
<li class=""list-group-item list-group-item-warning list-group-item-action"">&nbsp;</li>
<li class=""list-group-item list-group-item-warning list-group-item-action"">&nbsp;</li>
</ol>
</div>
<div class=""alert alert-danger"">
<h1><abbr style=""margin: 0px; padding: 0px; border-top: 0px; border-right: 0px; border-left: 0px; font-weight: inherit; font-style: inherit; font-family: inherit; font-size: 21px; vertical-align: baseline;"" title=""... dans des contextes ou familles de situations..."">ğŸ’¼ Situations professionnelles</abbr></h1>
<ol class=""list-group list-group-flush"">
<li class=""list-group-item list-group-item-danger list-group-item-action"">&nbsp;</li>
<li class=""list-group-item list-group-item-danger list-group-item-action"">&nbsp;</li>
<li class=""list-group-item list-group-item-danger list-group-item-action"">&nbsp;</li>
</ol>
</div>
<div class=""alert alert-success"">
<h1><abbr style=""margin: 0px; padding: 0px; border-top: 0px; border-right: 0px; border-left: 0px; font-weight: inherit; font-style: inherit; font-family: inherit; font-size: 21px; vertical-align: baseline;"" title=""... La comp&eacute;tence
est fondamentalement un
savoir-agir mobilisant et
articulant des connaissances
et autres ressources en vue
de r&eacute;soudre un probl&egrave;me
rencontr&eacute; en situation."">ğŸ“š Connaissances</abbr></h1>
<ol class=""list-group list-group-flush"">
<li class=""list-group-item list-group-item-success list-group-item-action"">&nbsp;</li>
<li class=""list-group-item list-group-item-success list-group-item-action"">&nbsp;</li>
<li class=""list-group-item list-group-item-success list-group-item-action"">&nbsp;</li>
</ol>
</div>
<div class=""card mb-3"">
<div class=""card-body"" style=""text-align: justify;"">
<table style=""border-collapse: collapse; width: 100%; height: 71.5938px; background-color: #000000; margin-left: auto; margin-right: auto; border: 3px none #000000;"" border=""1"">
<tbody>
<tr style=""height: 44.5938px;"">
<th style=""border-color: #000000; text-align: right; border-width: 3px; padding: 3px;"" colspan=""4"">
<h3 style=""text-align: center;""><span style=""font-size: 18pt; color: #ffffff;"">NIVEAU D'ACQUISITION</span></h3>
</th>
</tr>
<tr style=""height: 27px;"">
<td style=""border-color: #000000; text-align: center; background-color: #ffcfc9; border-width: 3px; padding: 3px; vertical-align: top;"">
<p>&nbsp;</p>
<p>&nbsp;</p>
<p>&nbsp;</p>
<p><span style=""font-size: 10pt;"">0ï¸âƒ£ <kbd><strong>Non acquis</strong></kbd>&nbsp;<code>âŒâŒ</code></span></p>
</td>
<td style=""border-color: #000000; text-align: center; background-color: #ffc8aa; border-width: 3px; padding: 3px; vertical-align: top;"">
<p>&nbsp;</p>
<p>&nbsp;</p>
<p><span style=""font-size: 10pt;"">1ï¸âƒ£&nbsp;<kbd><strong>Insuffisant</strong></kbd>&nbsp;<code>âŒ</code></span></p>
</td>
<td style=""border-color: #000000; text-align: center; background-color: #d4edbc; border-width: 3px; padding: 3px; vertical-align: top;"">
<p>&nbsp;</p>
<p><span style=""font-size: 10pt;"">2ï¸âƒ£ <kbd><strong>Acquis</strong></kbd>&nbsp;<code>âœ…</code></span></p>
</td>
<td style=""border-color: #000000; text-align: center; background-color: #e6cff2; border-width: 3px; padding: 3px; vertical-align: top;"">
<p><span style=""font-size: 10pt;"">3ï¸âƒ£&nbsp;<kbd><strong>Ma&icirc;tris&eacute;</strong></kbd>&nbsp;<code>âœ…âœ…</code></span></p>
</td>
</tr>
</tbody>
</table>
</div>
</div>
</div>
</div>
</div>",,,,,,,,,,""
,MIPF-C4,ğŸŸ¢âœŠ Ã‰VALUER,"<div class=""container"" style=""border: solid 4px black; padding-top: 1em; background: #6aa84f;"">
<div class=""row"">
<div class=""col-md-12"">
<div class=""card mb-3"">
<div class=""card-body"" style=""text-align: justify;"">
<p><kbd>âœŠ <strong>COMP&Eacute;TENCE</strong></kbd><br><strong>&Eacute;valuer des formations</strong></p>
</div>
</div>
<div class=""alert alert-warning"">
<h1><abbr style=""margin: 0px; padding: 0px; border-top: 0px; border-right: 0px; border-left: 0px; font-weight: inherit; font-style: inherit; font-family: inherit; font-size: 21px; vertical-align: baseline;"" title=""... qui comprend des qualit&eacute;s, des crit&egrave;res d'exigences observables ..."">ğŸ”© Composantes essentielles</abbr></h1>
<ol class=""list-group list-group-flush"">
<li class=""list-group-item list-group-item-warning list-group-item-action""><strong>en </strong>...</li>
<li class=""list-group-item list-group-item-warning list-group-item-action"">&nbsp;</li>
<li class=""list-group-item list-group-item-warning list-group-item-action"">&nbsp;</li>
</ol>
</div>
<div class=""alert alert-danger"">
<h1><abbr style=""margin: 0px; padding: 0px; border-top: 0px; border-right: 0px; border-left: 0px; font-weight: inherit; font-style: inherit; font-family: inherit; font-size: 21px; vertical-align: baseline;"" title=""... dans des contextes ou familles de situations..."">ğŸ’¼ Situations professionnelles</abbr></h1>
<ol class=""list-group list-group-flush"">
<li class=""list-group-item list-group-item-danger list-group-item-action"">&nbsp;</li>
<li class=""list-group-item list-group-item-danger list-group-item-action"">&nbsp;</li>
<li class=""list-group-item list-group-item-danger list-group-item-action"">&nbsp;</li>
</ol>
</div>
<div class=""alert alert-success"">
<h1><abbr style=""margin: 0px; padding: 0px; border-top: 0px; border-right: 0px; border-left: 0px; font-weight: inherit; font-style: inherit; font-family: inherit; font-size: 21px; vertical-align: baseline;"" title=""... La comp&eacute;tence
est fondamentalement un
savoir-agir mobilisant et
articulant des connaissances
et autres ressources en vue
de r&eacute;soudre un probl&egrave;me
rencontr&eacute; en situation."">ğŸ“š Connaissances</abbr></h1>
<ol class=""list-group list-group-flush"">
<li class=""list-group-item list-group-item-success list-group-item-action"">&nbsp;</li>
<li class=""list-group-item list-group-item-success list-group-item-action"">&nbsp;</li>
<li class=""list-group-item list-group-item-success list-group-item-action"">&nbsp;</li>
</ol>
</div>
<div class=""card mb-3"">
<div class=""card-body"" style=""text-align: justify;"">
<table style=""border-collapse: collapse; width: 100%; height: 71.5938px; background-color: #000000; margin-left: auto; margin-right: auto; border: 3px none #000000;"" border=""1"">
<tbody>
<tr style=""height: 44.5938px;"">
<th style=""border-color: #000000; text-align: right; border-width: 3px; padding: 3px;"" colspan=""4"">
<h3 style=""text-align: center;""><span style=""font-size: 18pt; color: #ffffff;"">NIVEAU D'ACQUISITION</span></h3>
</th>
</tr>
<tr style=""height: 27px;"">
<td style=""border-color: #000000; text-align: center; background-color: #ffcfc9; border-width: 3px; padding: 3px; vertical-align: top;"">
<p>&nbsp;</p>
<p>&nbsp;</p>
<p>&nbsp;</p>
<p><span style=""font-size: 10pt;"">0ï¸âƒ£ <kbd><strong>Non acquis</strong></kbd>&nbsp;<code>âŒâŒ</code></span></p>
</td>
<td style=""border-color: #000000; text-align: center; background-color: #ffc8aa; border-width: 3px; padding: 3px; vertical-align: top;"">
<p>&nbsp;</p>
<p>&nbsp;</p>
<p><span style=""font-size: 10pt;"">1ï¸âƒ£&nbsp;<kbd><strong>Insuffisant</strong></kbd>&nbsp;<code>âŒ</code></span></p>
</td>
<td style=""border-color: #000000; text-align: center; background-color: #d4edbc; border-width: 3px; padding: 3px; vertical-align: top;"">
<p>&nbsp;</p>
<p><span style=""font-size: 10pt;"">2ï¸âƒ£ <kbd><strong>Acquis</strong></kbd>&nbsp;<code>âœ…</code></span></p>
</td>
<td style=""border-color: #000000; text-align: center; background-color: #e6cff2; border-width: 3px; padding: 3px; vertical-align: top;"">
<p><span style=""font-size: 10pt;"">3ï¸âƒ£&nbsp;<kbd><strong>Ma&icirc;tris&eacute;</strong></kbd>&nbsp;<code>âœ…âœ…</code></span></p>
</td>
</tr>
</tbody>
</table>
</div>
</div>
</div>
</div>
</div>",,,,,,,,,,""
MIPF-C1,MIPF-C1-L1,â­ğŸ”´1ï¸âƒ£ Novice,"<div class=""container"" style=""border: dashed 2px black; padding-top: 1em; background: #f4cccc;"">
<div class=""row"">
<div class=""col-md-12"">
<div class=""card mb-3"">
<div class=""card-body"" style=""text-align: justify;"">
<p><strong><kbd><abbr title=""... en adoptant des responsabilit&eacute;s de + en + complexes ..."">â­ NIVEAU 1ï¸âƒ£</abbr></kbd><br></strong>...</p>
</div>
</div>
</div>
</div>
</div>",,,,,,,,,,""
MIPF-C1,MIPF-C1-L2,â­â­ğŸ”´2ï¸âƒ£ IntermÃ©diaire,"<div class=""container"" style=""border: dashed 2px black; padding-top: 1em; background: #ea9999;"">
<div class=""row"">
<div class=""col-md-12"">
<div class=""card mb-3"">
<div class=""card-body"" style=""text-align: justify;"">
<p><strong><kbd><abbr title=""... en adoptant des responsabilit&eacute;s de + en + complexes ..."">â­â­ NIVEAU 2ï¸âƒ£</abbr></kbd><br></strong>...</p>
</div>
</div>
</div>
</div>
</div>",,,,,,,,,,""
MIPF-C1,MIPF-C1-L3,â­â­â­ğŸ”´3ï¸âƒ£ CompÃ©tent,"<div class=""container"" style=""border: dashed 2px black; padding-top: 1em; background: #e06666;"">
<div class=""row"">
<div class=""col-md-12"">
<div class=""card mb-3"">
<div class=""card-body"" style=""text-align: justify;"">
<p><strong><kbd><abbr title=""... en adoptant des responsabilit&eacute;s de + en + complexes ..."">â­â­â­ NIVEAU 3ï¸âƒ£</abbr></kbd><br></strong>...</p>
</div>
</div>
</div>
</div>
</div>",,,,,,,,,,""
MIPF-C1,MIPF-C1-L4,â­â­â­â­ğŸ”´4ï¸âƒ£ AvancÃ©,"<div class=""container"" style=""border: dashed 2px black; padding-top: 1em; background: #cc0000;"">
<div class=""row"">
<div class=""col-md-12"">
<div class=""card mb-3"">
<div class=""card-body"" style=""text-align: justify;"">
<p><strong><kbd><abbr title=""... en adoptant des responsabilit&eacute;s de + en + complexes ..."">â­â­â­â­ NIVEAU 4ï¸âƒ£</abbr></kbd><br></strong>...</p>
</div>
</div>
</div>
</div>
</div>",,,,,,,,,,""
MIPF-C2,MIPF-C2-L1,â­ğŸŸ 1ï¸âƒ£ Novice,"<div class=""container"" style=""border: dashed 2px black; padding-top: 1em; background: #fce5cd;"">
<div class=""row"">
<div class=""col-md-12"">
<div class=""card mb-3"">
<div class=""card-body"" style=""text-align: justify;"">
<p><strong><kbd><abbr title=""... en adoptant des responsabilit&eacute;s de + en + complexes ..."">â­ NIVEAU 1ï¸âƒ£</abbr></kbd><br></strong>...</p>
</div>
</div>
</div>
</div>
</div>",,,,,,,,,,""
MIPF-C2,MIPF-C2-L2,â­â­ğŸŸ 2ï¸âƒ£ IntermÃ©diaire,"<div class=""container"" style=""border: dashed 2px black; padding-top: 1em; background: #f9cb9c;"">
<div class=""row"">
<div class=""col-md-12"">
<div class=""card mb-3"">
<div class=""card-body"" style=""text-align: justify;"">
<p><strong><kbd><abbr title=""... en adoptant des responsabilit&eacute;s de + en + complexes ..."">â­â­ NIVEAU 2ï¸âƒ£</abbr></kbd><br></strong>...</p>
</div>
</div>
</div>
</div>
</div>",,,,,,,,,,""
MIPF-C2,MIPF-C2-L3,â­â­â­ğŸŸ 3ï¸âƒ£ CompÃ©tent,"<div class=""container"" style=""border: dashed 2px black; padding-top: 1em; background: #f6b26b;"">
<div class=""row"">
<div class=""col-md-12"">
<div class=""card mb-3"">
<div class=""card-body"" style=""text-align: justify;"">
<p><strong><kbd><abbr title=""... en adoptant des responsabilit&eacute;s de + en + complexes ..."">â­â­â­ NIVEAU 3ï¸âƒ£</abbr></kbd><br></strong>...</p>
</div>
</div>
</div>
</div>
</div>",,,,,,,,,,""
MIPF-C2,MIPF-C2-L4,â­â­â­â­ğŸŸ 4ï¸âƒ£ AvancÃ©,"<div class=""container"" style=""border: dashed 2px black; padding-top: 1em; background: #e69138;"">
<div class=""row"">
<div class=""col-md-12"">
<div class=""card mb-3"">
<div class=""card-body"" style=""text-align: justify;"">
<p><strong><kbd><abbr title=""... en adoptant des responsabilit&eacute;s de + en + complexes ..."">â­â­â­â­ NIVEAU 4ï¸âƒ£</abbr></kbd><br></strong>...</p>
</div>
</div>
</div>
</div>
</div>",,,,,,,,,,""
MIPF-C3,MIPF-C3-L1,â­ğŸŸ¡1ï¸âƒ£ Novice,"<div class=""container"" style=""border: dashed 2px black; padding-top: 1em; background: #fff2cc;"">
<div class=""row"">
<div class=""col-md-12"">
<div class=""card mb-3"">
<div class=""card-body"" style=""text-align: justify;"">
<p><strong><kbd><abbr title=""... en adoptant des responsabilit&eacute;s de + en + complexes ..."">â­ NIVEAU 1ï¸âƒ£</abbr></kbd><br></strong>...</p>
</div>
</div>
</div>
</div>
</div>",,,,,,,,,,""
MIPF-C3,MIPF-C3-L2,â­â­ğŸŸ¡2ï¸âƒ£ IntermÃ©diaire,"<div class=""container"" style=""border: dashed 2px black; padding-top: 1em; background: #ffe599;"">
<div class=""row"">
<div class=""col-md-12"">
<div class=""card mb-3"">
<div class=""card-body"" style=""text-align: justify;"">
<p><strong><kbd><abbr title=""... en adoptant des responsabilit&eacute;s de + en + complexes ..."">â­â­ NIVEAU 2ï¸âƒ£</abbr></kbd><br></strong>...</p>
</div>
</div>
</div>
</div>
</div>",,,,,,,,,,""
MIPF-C3,MIPF-C3-L3,â­â­â­ğŸŸ¡3ï¸âƒ£ CompÃ©tent,"<div class=""container"" style=""border: dashed 2px black; padding-top: 1em; background: #ffd966;"">
<div class=""row"">
<div class=""col-md-12"">
<div class=""card mb-3"">
<div class=""card-body"" style=""text-align: justify;"">
<p><strong><kbd><abbr title=""... en adoptant des responsabilit&eacute;s de + en + complexes ..."">â­â­â­ NIVEAU 3ï¸âƒ£</abbr></kbd><br></strong>...</p>
</div>
</div>
</div>
</div>
</div>",,,,,,,,,,""
MIPF-C3,MIPF-C3-L4,â­â­â­â­ğŸŸ¡4ï¸âƒ£ AvancÃ©,"<div class=""container"" style=""border: dashed 2px black; padding-top: 1em; background: #f1c232;"">
<div class=""row"">
<div class=""col-md-12"">
<div class=""card mb-3"">
<div class=""card-body"" style=""text-align: justify;"">
<p><strong><kbd><abbr title=""... en adoptant des responsabilit&eacute;s de + en + complexes ..."">â­â­â­â­ NIVEAU 4ï¸âƒ£</abbr></kbd><br></strong>...</p>
</div>
</div>
</div>
</div>
</div>",,,,,,,,,,""
MIPF-C4,MIPF-C4-L1,â­ğŸŸ¢1ï¸âƒ£ Novice,"<div class=""container"" style=""border: dashed 2px black; padding-top: 1em; background: #d9ead3;"">
<div class=""row"">
<div class=""col-md-12"">
<div class=""card mb-3"">
<div class=""card-body"" style=""text-align: justify;"">
<p><strong><kbd><abbr title=""... en adoptant des responsabilit&eacute;s de + en + complexes ..."">â­ NIVEAU 1ï¸âƒ£</abbr></kbd><br></strong>...</p>
</div>
</div>
</div>
</div>
</div>",,,,,,,,,,""
MIPF-C4,MIPF-C4-L2,â­â­ğŸŸ¢2ï¸âƒ£ IntermÃ©diaire,"<div class=""container"" style=""border: dashed 2px black; padding-top: 1em; background: #b6d7a8;"">
<div class=""row"">
<div class=""col-md-12"">
<div class=""card mb-3"">
<div class=""card-body"" style=""text-align: justify;"">
<p><strong><kbd><abbr title=""... en adoptant des responsabilit&eacute;s de + en + complexes ..."">â­â­ NIVEAU 2ï¸âƒ£</abbr></kbd><br></strong>...</p>
</div>
</div>
</div>
</div>
</div>",,,,,,,,,,""
MIPF-C4,MIPF-C4-L3,â­â­â­ğŸŸ¢3ï¸âƒ£ CompÃ©tent,"<div class=""container"" style=""border: dashed 2px black; padding-top: 1em; background: #93c47d;"">
<div class=""row"">
<div class=""col-md-12"">
<div class=""card mb-3"">
<div class=""card-body"" style=""text-align: justify;"">
<p><strong><kbd><abbr title=""... en adoptant des responsabilit&eacute;s de + en + complexes ..."">â­â­â­ NIVEAU 3ï¸âƒ£</abbr></kbd><br></strong>...</p>
</div>
</div>
</div>
</div>
</div>",,,,,,,,,,""
MIPF-C4,MIPF-C4-L4,â­â­â­â­ğŸŸ¢4ï¸âƒ£ AvancÃ©,"<div class=""container"" style=""border: dashed 2px black; padding-top: 1em; background: #6aa84f;"">
<div class=""row"">
<div class=""col-md-12"">
<div class=""card mb-3"">
<div class=""card-body"" style=""text-align: justify;"">
<p><strong><kbd><abbr title=""... en adoptant des responsabilit&eacute;s de + en + complexes ..."">â­â­â­â­ NIVEAU 4ï¸âƒ£</abbr></kbd><br></strong>...</p>
</div>
</div>
</div>
</div>
</div>",,,,,,,,,,""
MIPF-C1-L1,MIPF-C1-L1-P1,â­ğŸ”´#ï¸âƒ£ğŸ”¨ Apprentissage critique P1,"<div class=""container"" style=""border: dashed 2px black; padding-top: 1em; background: #f5f5f5;"">
<div class=""row"">
<div class=""col-md-12"">
<div class=""card mb-3"">
<div class=""card-body"" style=""text-align: justify;"">
<p><strong><kbd><abbr title=""... qui n&eacute;cessitent des apprentissages transformationnels ..."">ğŸ”¨&nbsp;Apprentissage critique</abbr></kbd><br></strong>...</p>
</div>
</div>
</div>
</div>
</div>",,,,,,,,,,""
MIPF-C1-L1,MIPF-C1-L1-P2,â­ğŸ”´#ï¸âƒ£ğŸ”¨ Apprentissage critique P2,"<div class=""container"" style=""border: dashed 2px black; padding-top: 1em; background: #f5f5f5;"">
<div class=""row"">
<div class=""col-md-12"">
<div class=""card mb-3"">
<div class=""card-body"" style=""text-align: justify;"">
<p><strong><kbd><abbr title=""... qui n&eacute;cessitent des apprentissages transformationnels ..."">ğŸ”¨&nbsp;Apprentissage critique</abbr></kbd><br></strong>...</p>
</div>
</div>
</div>
</div>
</div>",,,,,,,,,,""
MIPF-C1-L1,MIPF-C1-L1-P3,â­ğŸ”´#ï¸âƒ£ğŸ”¨ Apprentissage critique P3,"<div class=""container"" style=""border: dashed 2px black; padding-top: 1em; background: #f5f5f5;"">
<div class=""row"">
<div class=""col-md-12"">
<div class=""card mb-3"">
<div class=""card-body"" style=""text-align: justify;"">
<p><strong><kbd><abbr title=""... qui n&eacute;cessitent des apprentissages transformationnels ..."">ğŸ”¨&nbsp;Apprentissage critique</abbr></kbd><br></strong>...</p>
</div>
</div>
</div>
</div>
</div>",,,,,,,,,,""
MIPF-C1-L1,MIPF-C1-L1-P4,â­ğŸ”´#ï¸âƒ£ğŸ”¨ Apprentissage critique P4,"<div class=""container"" style=""border: dashed 2px black; padding-top: 1em; background: #f5f5f5;"">
<div class=""row"">
<div class=""col-md-12"">
<div class=""card mb-3"">
<div class=""card-body"" style=""text-align: justify;"">
<p><strong><kbd><abbr title=""... qui n&eacute;cessitent des apprentissages transformationnels ..."">ğŸ”¨&nbsp;Apprentissage critique</abbr></kbd><br></strong>...</p>
</div>
</div>
</div>
</div>
</div>",,,,,,,,,,""
MIPF-C1-L1,MIPF-C1-L1-P5,â­ğŸ”´#ï¸âƒ£ğŸ”¨ Apprentissage critique P5,"<div class=""container"" style=""border: dashed 2px black; padding-top: 1em; background: #f5f5f5;"">
<div class=""row"">
<div class=""col-md-12"">
<div class=""card mb-3"">
<div class=""card-body"" style=""text-align: justify;"">
<p><strong><kbd><abbr title=""... qui n&eacute;cessitent des apprentissages transformationnels ..."">ğŸ”¨&nbsp;Apprentissage critique</abbr></kbd><br></strong>...</p>
</div>
</div>
</div>
</div>
</div>",,,,,,,,,,""
MIPF-C1-L1,MIPF-C1-L1-P6,â­ğŸ”´#ï¸âƒ£ğŸ”¨ Apprentissage critique P6,"<div class=""container"" style=""border: dashed 2px black; padding-top: 1em; background: #f5f5f5;"">
<div class=""row"">
<div class=""col-md-12"">
<div class=""card mb-3"">
<div class=""card-body"" style=""text-align: justify;"">
<p><strong><kbd><abbr title=""... qui n&eacute;cessitent des apprentissages transformationnels ..."">ğŸ”¨&nbsp;Apprentissage critique</abbr></kbd><br></strong>...</p>
</div>
</div>
</div>
</div>
</div>",,,,,,,,,,""
MIPF-C1-L2,MIPF-C1-L2-P1,â­â­ğŸ”´#ï¸âƒ£ğŸ”¨ Apprentissage critique P1,"<div class=""container"" style=""border: dashed 2px black; padding-top: 1em; background: #f5f5f5;"">
<div class=""row"">
<div class=""col-md-12"">
<div class=""card mb-3"">
<div class=""card-body"" style=""text-align: justify;"">
<p><strong><kbd><abbr title=""... qui n&eacute;cessitent des apprentissages transformationnels ..."">ğŸ”¨&nbsp;Apprentissage critique</abbr></kbd><br></strong>...</p>
</div>
</div>
</div>
</div>
</div>",,,,,,,,,,""
MIPF-C1-L2,MIPF-C1-L2-P2,â­â­ğŸ”´#ï¸âƒ£ğŸ”¨ Apprentissage critique P2,"<div class=""container"" style=""border: dashed 2px black; padding-top: 1em; background: #f5f5f5;"">
<div class=""row"">
<div class=""col-md-12"">
<div class=""card mb-3"">
<div class=""card-body"" style=""text-align: justify;"">
<p><strong><kbd><abbr title=""... qui n&eacute;cessitent des apprentissages transformationnels ..."">ğŸ”¨&nbsp;Apprentissage critique</abbr></kbd><br></strong>...</p>
</div>
</div>
</div>
</div>
</div>",,,,,,,,,,""
MIPF-C1-L2,MIPF-C1-L2-P3,â­â­ğŸ”´#ï¸âƒ£ğŸ”¨ Apprentissage critique P3,"<div class=""container"" style=""border: dashed 2px black; padding-top: 1em; background: #f5f5f5;"">
<div class=""row"">
<div class=""col-md-12"">
<div class=""card mb-3"">
<div class=""card-body"" style=""text-align: justify;"">
<p><strong><kbd><abbr title=""... qui n&eacute;cessitent des apprentissages transformationnels ..."">ğŸ”¨&nbsp;Apprentissage critique</abbr></kbd><br></strong>...</p>
</div>
</div>
</div>
</div>
</div>",,,,,,,,,,""
MIPF-C1-L2,MIPF-C1-L2-P4,â­â­ğŸ”´#ï¸âƒ£ğŸ”¨ Apprentissage critique P4,"<div class=""container"" style=""border: dashed 2px black; padding-top: 1em; background: #f5f5f5;"">
<div class=""row"">
<div class=""col-md-12"">
<div class=""card mb-3"">
<div class=""card-body"" style=""text-align: justify;"">
<p><strong><kbd><abbr title=""... qui n&eacute;cessitent des apprentissages transformationnels ..."">ğŸ”¨&nbsp;Apprentissage critique</abbr></kbd><br></strong>...</p>
</div>
</div>
</div>
</div>
</div>",,,,,,,,,,""
MIPF-C1-L2,MIPF-C1-L2-P5,â­â­ğŸ”´#ï¸âƒ£ğŸ”¨ Apprentissage critique P5,"<div class=""container"" style=""border: dashed 2px black; padding-top: 1em; background: #f5f5f5;"">
<div class=""row"">
<div class=""col-md-12"">
<div class=""card mb-3"">
<div class=""card-body"" style=""text-align: justify;"">
<p><strong><kbd><abbr title=""... qui n&eacute;cessitent des apprentissages transformationnels ..."">ğŸ”¨&nbsp;Apprentissage critique</abbr></kbd><br></strong>...</p>
</div>
</div>
</div>
</div>
</div>",,,,,,,,,,""
MIPF-C1-L2,MIPF-C1-L2-P6,â­â­ğŸ”´#ï¸âƒ£ğŸ”¨ Apprentissage critique P6,"<div class=""container"" style=""border: dashed 2px black; padding-top: 1em; background: #f5f5f5;"">
<div class=""row"">
<div class=""col-md-12"">
<div class=""card mb-3"">
<div class=""card-body"" style=""text-align: justify;"">
<p><strong><kbd><abbr title=""... qui n&eacute;cessitent des apprentissages transformationnels ..."">ğŸ”¨&nbsp;Apprentissage critique</abbr></kbd><br></strong>...</p>
</div>
</div>
</div>
</div>
</div>",,,,,,,,,,""
MIPF-C1-L3,MIPF-C1-L3-P1,â­â­â­ğŸ”´#ï¸âƒ£ğŸ”¨ Apprentissage critique P1,"<div class=""container"" style=""border: dashed 2px black; padding-top: 1em; background: #f5f5f5;"">
<div class=""row"">
<div class=""col-md-12"">
<div class=""card mb-3"">
<div class=""card-body"" style=""text-align: justify;"">
<p><strong><kbd><abbr title=""... qui n&eacute;cessitent des apprentissages transformationnels ..."">ğŸ”¨&nbsp;Apprentissage critique</abbr></kbd><br></strong>...</p>
</div>
</div>
</div>
</div>
</div>",,,,,,,,,,""
MIPF-C1-L3,MIPF-C1-L3-P2,â­â­â­ğŸ”´#ï¸âƒ£ğŸ”¨ Apprentissage critique P2,"<div class=""container"" style=""border: dashed 2px black; padding-top: 1em; background: #f5f5f5;"">
<div class=""row"">
<div class=""col-md-12"">
<div class=""card mb-3"">
<div class=""card-body"" style=""text-align: justify;"">
<p><strong><kbd><abbr title=""... qui n&eacute;cessitent des apprentissages transformationnels ..."">ğŸ”¨&nbsp;Apprentissage critique</abbr></kbd><br></strong>...</p>
</div>
</div>
</div>
</div>
</div>",,,,,,,,,,""
MIPF-C1-L3,MIPF-C1-L3-P3,â­â­â­ğŸ”´#ï¸âƒ£ğŸ”¨ Apprentissage critique P3,"<div class=""container"" style=""border: dashed 2px black; padding-top: 1em; background: #f5f5f5;"">
<div class=""row"">
<div class=""col-md-12"">
<div class=""card mb-3"">
<div class=""card-body"" style=""text-align: justify;"">
<p><strong><kbd><abbr title=""... qui n&eacute;cessitent des apprentissages transformationnels ..."">ğŸ”¨&nbsp;Apprentissage critique</abbr></kbd><br></strong>...</p>
</div>
</div>
</div>
</div>
</div>",,,,,,,,,,""
MIPF-C1-L3,MIPF-C1-L3-P4,â­â­â­ğŸ”´#ï¸âƒ£ğŸ”¨ Apprentissage critique P4,"<div class=""container"" style=""border: dashed 2px black; padding-top: 1em; background: #f5f5f5;"">
<div class=""row"">
<div class=""col-md-12"">
<div class=""card mb-3"">
<div class=""card-body"" style=""text-align: justify;"">
<p><strong><kbd><abbr title=""... qui n&eacute;cessitent des apprentissages transformationnels ..."">ğŸ”¨&nbsp;Apprentissage critique</abbr></kbd><br></strong>...</p>
</div>
</div>
</div>
</div>
</div>",,,,,,,,,,""
MIPF-C1-L3,MIPF-C1-L3-P5,â­â­â­ğŸ”´#ï¸âƒ£ğŸ”¨ Apprentissage critique P5,"<div class=""container"" style=""border: dashed 2px black; padding-top: 1em; background: #f5f5f5;"">
<div class=""row"">
<div class=""col-md-12"">
<div class=""card mb-3"">
<div class=""card-body"" style=""text-align: justify;"">
<p><strong><kbd><abbr title=""... qui n&eacute;cessitent des apprentissages transformationnels ..."">ğŸ”¨&nbsp;Apprentissage critique</abbr></kbd><br></strong>...</p>
</div>
</div>
</div>
</div>
</div>",,,,,,,,,,""
MIPF-C1-L3,MIPF-C1-L3-P6,â­â­â­ğŸ”´#ï¸âƒ£ğŸ”¨ Apprentissage critique P6,"<div class=""container"" style=""border: dashed 2px black; padding-top: 1em; background: #f5f5f5;"">
<div class=""row"">
<div class=""col-md-12"">
<div class=""card mb-3"">
<div class=""card-body"" style=""text-align: justify;"">
<p><strong><kbd><abbr title=""... qui n&eacute;cessitent des apprentissages transformationnels ..."">ğŸ”¨&nbsp;Apprentissage critique</abbr></kbd><br></strong>...</p>
</div>
</div>
</div>
</div>
</div>",,,,,,,,,,""
MIPF-C1-L4,MIPF-C1-L4-P1,â­â­â­â­ğŸ”´#ï¸âƒ£ğŸ”¨ Apprentissage critique P1,"<div class=""container"" style=""border: dashed 2px black; padding-top: 1em; background: #f5f5f5;"">
<div class=""row"">
<div class=""col-md-12"">
<div class=""card mb-3"">
<div class=""card-body"" style=""text-align: justify;"">
<p><strong><kbd><abbr title=""... qui n&eacute;cessitent des apprentissages transformationnels ..."">ğŸ”¨&nbsp;Apprentissage critique</abbr></kbd><br></strong>...</p>
</div>
</div>
</div>
</div>
</div>",,,,,,,,,,""
MIPF-C1-L4,MIPF-C1-L4-P2,â­â­â­â­ğŸ”´#ï¸âƒ£ğŸ”¨ Apprentissage critique P2,"<div class=""container"" style=""border: dashed 2px black; padding-top: 1em; background: #f5f5f5;"">
<div class=""row"">
<div class=""col-md-12"">
<div class=""card mb-3"">
<div class=""card-body"" style=""text-align: justify;"">
<p><strong><kbd><abbr title=""... qui n&eacute;cessitent des apprentissages transformationnels ..."">ğŸ”¨&nbsp;Apprentissage critique</abbr></kbd><br></strong>...</p>
</div>
</div>
</div>
</div>
</div>",,,,,,,,,,""
MIPF-C1-L4,MIPF-C1-L4-P3,â­â­â­â­ğŸ”´#ï¸âƒ£ğŸ”¨ Apprentissage critique P3,"<div class=""container"" style=""border: dashed 2px black; padding-top: 1em; background: #f5f5f5;"">
<div class=""row"">
<div class=""col-md-12"">
<div class=""card mb-3"">
<div class=""card-body"" style=""text-align: justify;"">
<p><strong><kbd><abbr title=""... qui n&eacute;cessitent des apprentissages transformationnels ..."">ğŸ”¨&nbsp;Apprentissage critique</abbr></kbd><br></strong>...</p>
</div>
</div>
</div>
</div>
</div>",,,,,,,,,,""
MIPF-C1-L4,MIPF-C1-L4-P4,â­â­â­â­ğŸ”´#ï¸âƒ£ğŸ”¨ Apprentissage critique P4,"<div class=""container"" style=""border: dashed 2px black; padding-top: 1em; background: #f5f5f5;"">
<div class=""row"">
<div class=""col-md-12"">
<div class=""card mb-3"">
<div class=""card-body"" style=""text-align: justify;"">
<p><strong><kbd><abbr title=""... qui n&eacute;cessitent des apprentissages transformationnels ..."">ğŸ”¨&nbsp;Apprentissage critique</abbr></kbd><br></strong>...</p>
</div>
</div>
</div>
</div>
</div>",,,,,,,,,,""
MIPF-C1-L4,MIPF-C1-L4-P5,â­â­â­â­ğŸ”´#ï¸âƒ£ğŸ”¨ Apprentissage critique P5,"<div class=""container"" style=""border: dashed 2px black; padding-top: 1em; background: #f5f5f5;"">
<div class=""row"">
<div class=""col-md-12"">
<div class=""card mb-3"">
<div class=""card-body"" style=""text-align: justify;"">
<p><strong><kbd><abbr title=""... qui n&eacute;cessitent des apprentissages transformationnels ..."">ğŸ”¨&nbsp;Apprentissage critique</abbr></kbd><br></strong>...</p>
</div>
</div>
</div>
</div>
</div>",,,,,,,,,,""
MIPF-C1-L4,MIPF-C1-L4-P6,â­â­â­â­ğŸ”´#ï¸âƒ£ğŸ”¨ Apprentissage critique P6,"<div class=""container"" style=""border: dashed 2px black; padding-top: 1em; background: #f5f5f5;"">
<div class=""row"">
<div class=""col-md-12"">
<div class=""card mb-3"">
<div class=""card-body"" style=""text-align: justify;"">
<p><strong><kbd><abbr title=""... qui n&eacute;cessitent des apprentissages transformationnels ..."">ğŸ”¨&nbsp;Apprentissage critique</abbr></kbd><br></strong>...</p>
</div>
</div>
</div>
</div>
</div>",,,,,,,,,,""
MIPF-C2-L1,MIPF-C2-L1-P1,â­ğŸŸ #ï¸âƒ£ğŸ”¨ Apprentissage critique P1,,,,,,,,,,,""
MIPF-C2-L1,MIPF-C2-L1-P2,â­ğŸŸ #ï¸âƒ£ğŸ”¨ Apprentissage critique P2,,,,,,,,,,,""
MIPF-C2-L1,MIPF-C2-L1-P3,â­ğŸŸ #ï¸âƒ£ğŸ”¨ Apprentissage critique P3,,,,,,,,,,,""
MIPF-C2-L1,MIPF-C2-L1-P4,â­ğŸŸ #ï¸âƒ£ğŸ”¨ Apprentissage critique P4,,,,,,,,,,,""
MIPF-C2-L1,MIPF-C2-L1-P5,â­ğŸŸ #ï¸âƒ£ğŸ”¨ Apprentissage critique P5,,,,,,,,,,,""
MIPF-C2-L1,MIPF-C2-L1-P6,â­ğŸŸ #ï¸âƒ£ğŸ”¨ Apprentissage critique P6,,,,,,,,,,,""
MIPF-C2-L2,MIPF-C2-L2-P1,â­â­ğŸŸ #ï¸âƒ£ğŸ”¨ Apprentissage critique P1,,,,,,,,,,,""
MIPF-C2-L2,MIPF-C2-L2-P2,â­â­ğŸŸ #ï¸âƒ£ğŸ”¨ Apprentissage critique P2,,,,,,,,,,,""
MIPF-C2-L2,MIPF-C2-L2-P3,â­â­ğŸŸ #ï¸âƒ£ğŸ”¨ Apprentissage critique P3,,,,,,,,,,,""
MIPF-C2-L2,MIPF-C2-L2-P4,â­â­ğŸŸ #ï¸âƒ£ğŸ”¨ Apprentissage critique P4,,,,,,,,,,,""
MIPF-C2-L2,MIPF-C2-L2-P5,â­â­ğŸŸ #ï¸âƒ£ğŸ”¨ Apprentissage critique P5,,,,,,,,,,,""
MIPF-C2-L2,MIPF-C2-L2-P6,â­â­ğŸŸ #ï¸âƒ£ğŸ”¨ Apprentissage critique P6,,,,,,,,,,,""
MIPF-C2-L3,MIPF-C2-L3-P1,â­â­â­ğŸŸ #ï¸âƒ£ğŸ”¨ Apprentissage critique P1,,,,,,,,,,,""
MIPF-C2-L3,MIPF-C2-L3-P2,â­â­â­ğŸŸ #ï¸âƒ£ğŸ”¨ Apprentissage critique P2,,,,,,,,,,,""
MIPF-C2-L3,MIPF-C2-L3-P3,â­â­â­ğŸŸ #ï¸âƒ£ğŸ”¨ Apprentissage critique P3,,,,,,,,,,,""
MIPF-C2-L3,MIPF-C2-L3-P4,â­â­â­ğŸŸ #ï¸âƒ£ğŸ”¨ Apprentissage critique P4,,,,,,,,,,,""
MIPF-C2-L3,MIPF-C2-L3-P5,â­â­â­ğŸŸ #ï¸âƒ£ğŸ”¨ Apprentissage critique P5,,,,,,,,,,,""
MIPF-C2-L3,MIPF-C2-L3-P6,â­â­â­ğŸŸ #ï¸âƒ£ğŸ”¨ Apprentissage critique P6,,,,,,,,,,,""
MIPF-C2-L4,MIPF-C2-L4-P1,â­â­â­â­ğŸŸ #ï¸âƒ£ğŸ”¨ Apprentissage critique P1,,,,,,,,,,,""
MIPF-C2-L4,MIPF-C2-L4-P2,â­â­â­â­ğŸŸ #ï¸âƒ£ğŸ”¨ Apprentissage critique P2,,,,,,,,,,,""
MIPF-C2-L4,MIPF-C2-L4-P3,â­â­â­â­ğŸŸ #ï¸âƒ£ğŸ”¨ Apprentissage critique P3,,,,,,,,,,,""
MIPF-C2-L4,MIPF-C2-L4-P4,â­â­â­â­ğŸŸ #ï¸âƒ£ğŸ”¨ Apprentissage critique P4,,,,,,,,,,,""
MIPF-C2-L4,MIPF-C2-L4-P5,â­â­â­â­ğŸŸ #ï¸âƒ£ğŸ”¨ Apprentissage critique P5,,,,,,,,,,,""
MIPF-C2-L4,MIPF-C2-L4-P6,â­â­â­â­ğŸŸ #ï¸âƒ£ğŸ”¨ Apprentissage critique P6,,,,,,,,,,,""
MIPF-C3-L1,MIPF-C3-L1-P1,â­ğŸŸ¡#ï¸âƒ£ğŸ”¨ Apprentissage critique P1,,,,,,,,,,,""
MIPF-C3-L1,MIPF-C3-L1-P2,â­ğŸŸ¡#ï¸âƒ£ğŸ”¨ Apprentissage critique P2,,,,,,,,,,,""
MIPF-C3-L1,MIPF-C3-L1-P3,â­ğŸŸ¡#ï¸âƒ£ğŸ”¨ Apprentissage critique P3,,,,,,,,,,,""
MIPF-C3-L1,MIPF-C3-L1-P4,â­ğŸŸ¡#ï¸âƒ£ğŸ”¨ Apprentissage critique P4,,,,,,,,,,,""
MIPF-C3-L1,MIPF-C3-L1-P5,â­ğŸŸ¡#ï¸âƒ£ğŸ”¨ Apprentissage critique P5,,,,,,,,,,,""
MIPF-C3-L1,MIPF-C3-L1-P6,â­ğŸŸ¡#ï¸âƒ£ğŸ”¨ Apprentissage critique P6,,,,,,,,,,,""
MIPF-C3-L2,MIPF-C3-L2-P1,â­â­ğŸŸ¡#ï¸âƒ£ğŸ”¨ Apprentissage critique P1,,,,,,,,,,,""
MIPF-C3-L2,MIPF-C3-L2-P2,â­â­ğŸŸ¡#ï¸âƒ£ğŸ”¨ Apprentissage critique P2,,,,,,,,,,,""
MIPF-C3-L2,MIPF-C3-L2-P3,â­â­ğŸŸ¡#ï¸âƒ£ğŸ”¨ Apprentissage critique P3,,,,,,,,,,,""
MIPF-C3-L2,MIPF-C3-L2-P4,â­â­ğŸŸ¡#ï¸âƒ£ğŸ”¨ Apprentissage critique P4,,,,,,,,,,,""
MIPF-C3-L2,MIPF-C3-L2-P5,â­â­ğŸŸ¡#ï¸âƒ£ğŸ”¨ Apprentissage critique P5,,,,,,,,,,,""
MIPF-C3-L2,MIPF-C3-L2-P6,â­â­ğŸŸ¡#ï¸âƒ£ğŸ”¨ Apprentissage critique P6,,,,,,,,,,,""
MIPF-C3-L3,MIPF-C3-L3-P1,â­â­â­ğŸŸ¡#ï¸âƒ£ğŸ”¨ Apprentissage critique P1,,,,,,,,,,,""
MIPF-C3-L3,MIPF-C3-L3-P2,â­â­â­ğŸŸ¡#ï¸âƒ£ğŸ”¨ Apprentissage critique P2,,,,,,,,,,,""
MIPF-C3-L3,MIPF-C3-L3-P3,â­â­â­ğŸŸ¡#ï¸âƒ£ğŸ”¨ Apprentissage critique P3,,,,,,,,,,,""
MIPF-C3-L3,MIPF-C3-L3-P4,â­â­â­ğŸŸ¡#ï¸âƒ£ğŸ”¨ Apprentissage critique P4,,,,,,,,,,,""
MIPF-C3-L3,MIPF-C3-L3-P5,â­â­â­ğŸŸ¡#ï¸âƒ£ğŸ”¨ Apprentissage critique P5,,,,,,,,,,,""
MIPF-C3-L3,MIPF-C3-L3-P6,â­â­â­ğŸŸ¡#ï¸âƒ£ğŸ”¨ Apprentissage critique P6,,,,,,,,,,,""
MIPF-C3-L4,MIPF-C3-L4-P1,â­â­â­â­ğŸŸ¡#ï¸âƒ£ğŸ”¨ Apprentissage critique P1,,,,,,,,,,,""
MIPF-C3-L4,MIPF-C3-L4-P2,â­â­â­â­ğŸŸ¡#ï¸âƒ£ğŸ”¨ Apprentissage critique P2,,,,,,,,,,,""
MIPF-C3-L4,MIPF-C3-L4-P3,â­â­â­â­ğŸŸ¡#ï¸âƒ£ğŸ”¨ Apprentissage critique P3,,,,,,,,,,,""
MIPF-C3-L4,MIPF-C3-L4-P4,â­â­â­â­ğŸŸ¡#ï¸âƒ£ğŸ”¨ Apprentissage critique P4,,,,,,,,,,,""
MIPF-C3-L4,MIPF-C3-L4-P5,â­â­â­â­ğŸŸ¡#ï¸âƒ£ğŸ”¨ Apprentissage critique P5,,,,,,,,,,,""
MIPF-C3-L4,MIPF-C3-L4-P6,â­â­â­â­ğŸŸ¡#ï¸âƒ£ğŸ”¨ Apprentissage critique P6,,,,,,,,,,,""
MIPF-C4-L1,MIPF-C4-L1-P1,â­ğŸŸ¢#ï¸âƒ£ğŸ”¨ Apprentissage critique P1,,,,,,,,,,,""
MIPF-C4-L1,MIPF-C4-L1-P2,â­ğŸŸ¢#ï¸âƒ£ğŸ”¨ Apprentissage critique P2,,,,,,,,,,,""
MIPF-C4-L1,MIPF-C4-L1-P3,â­ğŸŸ¢#ï¸âƒ£ğŸ”¨ Apprentissage critique P3,,,,,,,,,,,""
MIPF-C4-L1,MIPF-C4-L1-P4,â­ğŸŸ¢#ï¸âƒ£ğŸ”¨ Apprentissage critique P4,,,,,,,,,,,""
MIPF-C4-L1,MIPF-C4-L1-P5,â­ğŸŸ¢#ï¸âƒ£ğŸ”¨ Apprentissage critique P5,,,,,,,,,,,""
MIPF-C4-L1,MIPF-C4-L1-P6,â­ğŸŸ¢#ï¸âƒ£ğŸ”¨ Apprentissage critique P6,,,,,,,,,,,""
MIPF-C4-L2,MIPF-C4-L2-P1,â­â­ğŸŸ¢#ï¸âƒ£ğŸ”¨ Apprentissage critique P1,,,,,,,,,,,""
MIPF-C4-L2,MIPF-C4-L2-P2,â­â­ğŸŸ¢#ï¸âƒ£ğŸ”¨ Apprentissage critique P2,,,,,,,,,,,""
MIPF-C4-L2,MIPF-C4-L2-P3,â­â­ğŸŸ¢#ï¸âƒ£ğŸ”¨ Apprentissage critique P3,,,,,,,,,,,""
MIPF-C4-L2,MIPF-C4-L2-P4,â­â­ğŸŸ¢#ï¸âƒ£ğŸ”¨ Apprentissage critique P4,,,,,,,,,,,""
MIPF-C4-L2,MIPF-C4-L2-P5,â­â­ğŸŸ¢#ï¸âƒ£ğŸ”¨ Apprentissage critique P5,,,,,,,,,,,""
MIPF-C4-L2,MIPF-C4-L2-P6,â­â­ğŸŸ¢#ï¸âƒ£ğŸ”¨ Apprentissage critique P6,,,,,,,,,,,""
MIPF-C4-L3,MIPF-C4-L3-P1,â­â­â­ğŸŸ¢#ï¸âƒ£ğŸ”¨ Apprentissage critique P1,,,,,,,,,,,""
MIPF-C4-L3,MIPF-C4-L3-P2,â­â­â­ğŸŸ¢#ï¸âƒ£ğŸ”¨ Apprentissage critique P2,,,,,,,,,,,""
MIPF-C4-L3,MIPF-C4-L3-P3,â­â­â­ğŸŸ¢#ï¸âƒ£ğŸ”¨ Apprentissage critique P3,,,,,,,,,,,""
MIPF-C4-L3,MIPF-C4-L3-P4,â­â­â­ğŸŸ¢#ï¸âƒ£ğŸ”¨ Apprentissage critique P4,,,,,,,,,,,""
MIPF-C4-L3,MIPF-C4-L3-P5,â­â­â­ğŸŸ¢#ï¸âƒ£ğŸ”¨ Apprentissage critique P5,,,,,,,,,,,""
MIPF-C4-L3,MIPF-C4-L3-P6,â­â­â­ğŸŸ¢#ï¸âƒ£ğŸ”¨ Apprentissage critique P6,,,,,,,,,,,""
MIPF-C4-L4,MIPF-C4-L4-P1,â­â­â­â­ğŸŸ¢#ï¸âƒ£ğŸ”¨ Apprentissage critique P1,,,,,,,,,,,""
MIPF-C4-L4,MIPF-C4-L4-P2,â­â­â­â­ğŸŸ¢#ï¸âƒ£ğŸ”¨ Apprentissage critique P2,,,,,,,,,,,""
MIPF-C4-L4,MIPF-C4-L4-P3,â­â­â­â­ğŸŸ¢#ï¸âƒ£ğŸ”¨ Apprentissage critique P3,,,,,,,,,,,""
MIPF-C4-L4,MIPF-C4-L4-P4,â­â­â­â­ğŸŸ¢#ï¸âƒ£ğŸ”¨ Apprentissage critique P4,,,,,,,,,,,""
MIPF-C4-L4,MIPF-C4-L4-P5,â­â­â­â­ğŸŸ¢#ï¸âƒ£ğŸ”¨ Apprentissage critique P5,,,,,,,,,,,""
MIPF-C4-L4,MIPF-C4-L4-P6,â­â­â­â­ğŸŸ¢#ï¸âƒ£ğŸ”¨ Apprentissage critique P6,,,,,,,,,,,""