"Parent ID number","ID number","Short name",Description,"Description format","Scale values","Scale configuration","Rule type (optional)","Rule outcome (optional)","Rule config (optional)","Cross-referenced competency ID numbers","Exported ID (optional)","Is framework",Taxonomy
,PARLENET,"üó£Ô∏è ParleNet - Communication num√©rique","<div class=""container"">
    <div class=""row"">
        <div class=""col-md-12"">
            <div class=""jumbotron"">
                <h1 class=""text-center"">Adopter une communication num√©rique saine</h1>
            </div>
        </div>
    </div>
    <div class=""row"">
        <div class=""col-md-4"">
            <div class=""card"">
                <div class=""card-body"">
                    <h4 class=""text-left card-title"">‚ñ∂Ô∏è La comp√©tence, ce savoir-agir complexe...</h4>
                    <hr />
                    <div class=""alert alert-warning"">
                        <p><strong>‚òëÔ∏è¬†Crit√®res d'exigence</strong></p>
                        <ol class=""list-group list-group-flush"">
                            <li class=""list-group-item list-group-item-warning list-group-item-action"">En <strong>adoptant </strong>un comportement r√©fl√©chi</li>
                            <li class=""list-group-item list-group-item-warning list-group-item-action"">En <strong>adaptant </strong>l‚Äôoutil et le contenu au contexte</li>
                        </ol>
                    </div>
                </div>
            </div>
        </div>
        <div class=""col-md-4"">
            <div class=""card"">
                <div class=""card-body"">
                    <h4 class=""text-left card-title"">‚§¥Ô∏è 3 axes de d√©veloppement...</h4>
                    <hr />
                    <div class=""alert alert-info"">
                        <p><strong>‚≠ê¬†Niveaux</strong></p>
                        <ol class=""list-group list-group-flush"">
                            <li class=""list-group-item list-group-item-info list-group-item-action""><strong>Identifier </strong>les √©l√©ments d‚Äôune communication saine</li>
                            <li class=""list-group-item list-group-item-info list-group-item-action""><strong>Appliquer </strong>les r√®gles de base d‚Äôune communication num√©rique saine</li>
                            <li class=""list-group-item list-group-item-info list-group-item-action""><strong>Prendre du recul</strong> sur sa d√©marche et l‚Äôajuster</li>
                        </ol>
                    </div>
                </div>
            </div>
        </div>
        <div class=""col-md-4"">
            <div class=""card"">
                <div class=""card-body"">
                    <h4 class=""text-left card-title"">üîÄ √Ä vis√©e transversale et inspir√© de cas pratiques...</h4>
                    <hr />
                    <div class=""alert alert-success"">
                        <p><strong>üìö Domaine de ressources</strong></p>
                        <ul class=""list-group list-group-flush"">
                            <li class=""list-group-item list-group-item-success list-group-item-action"">Sciences de la sant√©</li>
                            <li class=""list-group-item list-group-item-success list-group-item-action"">Droit √©conomie gestion</li>
                            <li class=""list-group-item list-group-item-success list-group-item-action"">Arts, Lettres et Langues</li>
                            <li class=""list-group-item list-group-item-success list-group-item-action"">Sciences humaines et sociales</li>
                        </ul>
                    </div>
                </div>
            </div>
        </div>
    </div>
</div>",1,"Novice,Interm√©diaire,Comp√©tent,Avanc√©","[{""scaleid"":""16""},{""id"":1,""scaledefault"":1,""proficient"":0},{""id"":3,""scaledefault"":0,""proficient"":1}]",,,,,,1,"competency,level,practice,outcome"
PARLENET-C1-N2-AC2," PARLENET-C1-N2-AC2-OP3","üéØ Identifier les objectifs et sp√©cificit√©s de chaque canal de communication ","<div class=""container"">
    <div class=""card border-danger text-center"">
        <div class=""card-body shadow-lg"">
            <p class=""card-text""><br /></p>
        </div>
    </div>
</div>",1,,,,0,null,,723,,
,PARLENET-C1,"‚úä Adopter une communication num√©rique¬†saine","<img src=""https://dummyimage.com/800x200/cfcfcf/6e6e6e.png"" alt="""" class=""img-fluid atto_image_button_text-bottom"" />
<div class=""container"">
    <div class=""row"">
        <div class=""col-md-12"">
            <div class=""alert alert-warning"">
                <h1>‚òëÔ∏è Crit√®res d'exigence</h1>
                <ol class=""list-group list-group-flush"">
                    <li class=""list-group-item list-group-item-warning list-group-item-action"">En <strong>adoptant </strong>un comportement r√©fl√©chi</li>
                    <li class=""list-group-item list-group-item-warning list-group-item-action"">En <strong>adaptant </strong>l‚Äôoutil et le contenu au contexte</li>
                </ol>
            </div>
            <div class=""alert alert-danger"">
                <h1>üíº Situations professionnelles</h1>
                <ol class=""list-group list-group-flush"">
                    <li class=""list-group-item list-group-item-danger list-group-item-action""><strong>Transmettre </strong>au bon interlocuteur, la juste information, dans la forme adapt√©e</li>
                    <li class=""list-group-item list-group-item-danger list-group-item-action""><strong>Limiter </strong>la perte de temps et la surcharge informationnelle</li>
                    <li class=""list-group-item list-group-item-danger list-group-item-action""><strong>R√©duire </strong>le stress et la pression</li>
                    <li class=""list-group-item list-group-item-danger list-group-item-action""><strong>Am√©liorer </strong>le travail collaboratif</li>
                    <li class=""list-group-item list-group-item-danger list-group-item-action""><strong>Temp√©rer </strong>le d√©clenchement ou l‚Äôescalade du conflit</li>
                    <li class=""list-group-item list-group-item-danger list-group-item-action""><strong>Restaurer </strong>les rapports humains, l‚Äôisolement et la d√©personnalisation √©changes</li>
                    <li class=""list-group-item list-group-item-danger list-group-item-action""><strong>R√©duire </strong>sa d√©pendance au m√©dia</li>
                </ol>
            </div>
            <div class=""alert alert-success"">
                <h1>üìö Domaine de ressources</h1>
                <ul class=""list-group list-group-flush"">
                    <li class=""list-group-item list-group-item-success list-group-item-action"">M√©decine</li>
                    <li class=""list-group-item list-group-item-success list-group-item-action"">Pharmacie</li>
                    <li class=""list-group-item list-group-item-success list-group-item-action"">Marketing (IMPGT)</li>
                    <li class=""list-group-item list-group-item-success list-group-item-action"">ALLSH</li>
                    <li class=""list-group-item list-group-item-success list-group-item-action"">FSS</li>
                    <li class=""list-group-item list-group-item-success list-group-item-action"">FEG</li>
                </ul>
            </div>
        </div>
    </div>
</div>",1,,,,0,null,"PARLENET-C1-N1,PARLENET-C1-N2,PARLENET-C1-N3",696,,
PARLENET-C1,PARLENET-C1-N1,"‚≠ê Se familiariser avec des √©l√©ments d‚Äôune communication num√©rique saine",,1,,,,0,null,"PARLENET-C1,PARLENET-C1-N1-AC1,PARLENET-C1-N1-AC2,PARLENET-C1-N1-AC3",697,,
PARLENET-C1-N1,PARLENET-C1-N1-AC1,"üî® Identifier les √©l√©ments et codes essentiels dans une communication num√©rique","<div class=""container"">
    <div class=""card border-warning text-center"">
        <div class=""card-body shadow-lg"">
            <p class=""card-text""><br /></p>
        </div>
    </div>
</div>",1,,,,0,null,PARLENET-C1-N1,700,,
PARLENET-C1-N1-AC1,PARLENET-C1-N1-AC1-OP1,"üéØ Identifier les grandes r√®gles de la communication num√©rique ","<div class=""container"">
    <div class=""card border-danger text-center"">
        <div class=""card-body shadow-lg"">
            <p class=""card-text"">Au travers de la m√©thode es <strong>7C</strong> de la Communication : <strong>C</strong>lart√©, <strong>C</strong>oncision, <strong>C</strong>oncret, <strong>C</strong>orrection, <strong>C</strong>oh√©rence, <strong>C</strong>omplet, <strong>C</strong>ourtoisie</p>
        </div>
    </div>
</div>",1,,,,0,null,,707,,
PARLENET-C1-N1-AC1,PARLENET-C1-N1-AC1-OP2,"üéØ Identifier les grandes r√®gles de communication sp√©cifiques √† l'envoi de mails","<div class=""container"">
    <div class=""card border-danger text-center"">
        <div class=""card-body shadow-lg"">
            <p class=""card-text"">Objet clair et concis, attention au choix du destinataire, ne pas √©crire un mail sous le coup de l'√©motion, formules de politesse...</p>
        </div>
    </div>
</div>",1,,,,0,null,,708,,
PARLENET-C1-N1,PARLENET-C1-N1-AC2,"üî® Identifier les √©l√©ments constitutifs d‚Äôune information en vue d‚Äôen estimer sa qualit√©","<div class=""container"">
    <div class=""card border-warning text-center"">
        <div class=""card-body shadow-lg"">
            <p class=""card-text""><br /></p>
        </div>
    </div>
</div>",1,,,,0,null,PARLENET-C1-N1,701,,
PARLENET-C1-N1-AC2,PARLENET-C1-N1-AC2-OP1,"üéØ Identifier et d√©limiter ce qui est un fait, une interpr√©tation ou un avis.","<div class=""container"">
    <div class=""card border-danger text-center"">
        <div class=""card-body shadow-lg"">
            <p class=""card-text""><br /></p>
        </div>
    </div>
</div>",1,,,,0,null,,712,,
PARLENET-C1-N1-AC2,PARLENET-C1-N1-AC2-OP2,"üéØ D√©finir qui est √† l‚Äôorigine de l‚Äôinformation et quelles sont ses intentions","<div class=""container"">
    <div class=""card border-danger text-center"">
        <div class=""card-body shadow-lg"">
            <p class=""card-text""><br /></p>
        </div>
    </div>
</div>",1,,,,0,null,,713,,
PARLENET-C1-N1-AC2,PARLENET-C1-N1-AC2-OP3,"üéØ Identifier la temporalit√© de l'information (information r√©cente ou ancienne)","<div class=""container"">
    <div class=""card border-danger text-center"">
        <div class=""card-body shadow-lg"">
            <p class=""card-text""><br /></p>
        </div>
    </div>
</div>",1,,,,0,null,,714,,
PARLENET-C1-N1,PARLENET-C1-N1-AC3,"üî® Reconna√Ætre le potentiel conflictuel de certains aspects de la communication num√©rique","<div class=""container"">
    <div class=""card border-warning text-center"">
        <div class=""card-body shadow-lg"">
            <p class=""card-text""><br /></p>
        </div>
    </div>
</div>",1,,,,0,null,PARLENET-C1-N1,702,,
PARLENET-C1-N1-AC3,PARLENET-C1-N1-AC3-OP1,"üéØ Identifier et estimer les sujets clivant dans une communication","<div class=""container"">
    <div class=""card border-danger text-center"">
        <div class=""card-body shadow-lg"">
            <p class=""card-text""><br /></p>
        </div>
    </div>
</div>",1,,,,0,null,,715,,
PARLENET-C1-N1-AC3,PARLENET-C1-N1-AC3-OP2,"üéØ Rep√©rer et contextualiser les diff√©rents rapports de forces","<div class=""container"">
    <div class=""card border-danger text-center"">
        <div class=""card-body shadow-lg"">
            <p class=""card-text""><br /></p>
        </div>
    </div>
</div>",1,,,,0,null,,716,,
PARLENET-C1-N1-AC3,PARLENET-C1-N1-AC3-OP3,"üéØ  Identifier les propos dangereux et passibles de blame ou de peines lourdes","<div class=""container"">
    <div class=""card border-danger text-center"">
        <div class=""card-body shadow-lg"">
            <p class=""card-text""><br /></p>
        </div>
    </div>
</div>",1,,,,0,null,,717,,
PARLENET-C1,PARLENET-C1-N2,"‚≠ê‚≠ê Appliquer les r√®gles de base d‚Äôune communication num√©rique saine",,1,,,,0,null,"PARLENET-C1,PARLENET-C1-N2-AC1,PARLENET-C1-N2-AC2",698,,
PARLENET-C1-N2,PARLENET-C1-N2-AC1,"üî® Choisir et appliquer consciemment et de mani√®re r√©fl√©chie les √©l√©ments et codes essentiels","<div class=""container"">
    <div class=""card border-warning text-center"">
        <div class=""card-body shadow-lg"">
            <p class=""card-text""><br /></p>
        </div>
    </div>
</div>",1,,,,0,null,PARLENET-C1-N2,703,,
PARLENET-C1-N2-AC1,PARLENET-C1-N2-AC1-OP1,"üéØ Choisir l‚Äôinterlocuteur principal et √©ventuellement secondaire du message selon son besoin","<div class=""container"">
    <div class=""card border-warning text-center"">
        <div class=""card-body shadow-lg"">
            <p class=""card-text""><br /></p>
        </div>
    </div>
</div>",1,,,,0,null,,718,,
PARLENET-C1-N2-AC1,PARLENET-C1-N2-AC1-OP2,"üéØ Choisir le message √† v√©hiculer","<div class=""container"">
    <div class=""card border-danger text-center"">
        <div class=""card-body shadow-lg"">
            <p class=""card-text""><br /></p>
        </div>
    </div>
</div>",1,,,,0,null,,719,,
PARLENET-C1-N2-AC1,PARLENET-C1-N2-AC1-OP3,"üéØ Choisir le registre langagier du message selon son besoin","<div class=""container"">
    <div class=""card border-danger text-center"">
        <div class=""card-body shadow-lg"">
            <p class=""card-text""><br /></p>
        </div>
    </div>
</div>",1,,,,0,null,,720,,
PARLENET-C1-N2,PARLENET-C1-N2-AC2,"üî® Rechercher des informations et v√©rifier leur fiabilit√© en faisant des recoupements","<div class=""container"">
    <div class=""card border-warning text-center"">
        <div class=""card-body shadow-lg""><p class=""card-text""><br /></p>
        </div>
    </div>
</div>",1,,,,0,null,PARLENET-C1-N2,704,,
PARLENET-C1-N2-AC2,PARLENET-C1-N2-AC2-OP1,"üéØ Rechercher des informations manquantes selon le bon canal d'information et de communication","<div class=""container"">
    <div class=""card border-danger text-center"">
        <div class=""card-body shadow-lg"">
            <p class=""card-text""><br /></p>
        </div>
    </div>
</div>",1,,,,0,null,,721,,
PARLENET-C1-N2-AC2,PARLENET-C1-N2-AC2-OP2,"üéØ Comparer les informations entre elles, √©tablir des liens et faire des d√©ductions","<div class=""container"">
    <div class=""card border-danger text-center"">
        <div class=""card-body shadow-lg"">
            <p class=""card-text""><br /></p>
        </div>
    </div>
</div>",1,,,,0,null,,722,,
PARLENET-C1-N2,PARLENET-C1-N2-AC3,"üî® Employer des strat√©gies de d√©sescalade face √† une situation de communication conflictuelle","<div class=""container"">
    <div class=""card border-warning text-center"">
        <div class=""card-body shadow-lg"">
            <p class=""card-text""><br /></p>
        </div>
    </div>
</div>",1,,,,0,null,,710,,
PARLENET-C1-N2-AC3,PARLENET-C1-N2-AC3-OP1,"üéØ Appliquer une communication neutre en √©vitant les sujets clivant et sources de conflits","<div class=""container"">
    <div class=""card border-danger text-center"">
        <div class=""card-body shadow-lg"">
            <p class=""card-text""><br /></p>
        </div>
    </div>
</div>",1,,,,0,null,,724,,
PARLENET-C1-N2-AC3,PARLENET-C1-N2-AC3-OP2,"üéØ D√©tecter les rapports de forces et choisir une communication affirm√©e mais bienveillante","<div class=""container"">
    <div class=""card border-danger text-center"">
        <div class=""card-body shadow-lg"">
            <p class=""card-text""><br /></p>
        </div>
    </div>
</div>",1,,,,0,null,,725,,
PARLENET-C1-N2-AC3,PARLENET-C1-N2-AC3-OP3,"üéØ Respecter la vie priv√©e et l'int√©grit√© des personnes lors du partage d'informations","<div class=""container"">
    <div class=""card border-danger text-center"">
        <div class=""card-body shadow-lg"">
            <p class=""card-text""><br /></p>
        </div>
    </div>
</div>",1,,,,0,null,,726,,
PARLENET-C1-N2-AC3,PARLENET-C1-N2-AC3-OP4,"üéØ Choisir le canal de communication le plus adapt√© en cas de situation conflictuelle ","<div class=""container"">
    <div class=""card border-danger text-center"">
        <div class=""card-body shadow-lg"">
            <p class=""card-text""><br /></p>
        </div>
    </div>
</div>",1,,,,0,null,,727,,
PARLENET-C1,PARLENET-C1-N3,"‚≠ê‚≠ê‚≠ê Prendre du recul sur sa d√©marche et l‚Äôajuster",,1,,,,0,null,"PARLENET-C1,PARLENET-C1-N3-AC1,PARLENET-C1-N3-AC2",699,,
PARLENET-C1-N3,PARLENET-C1-N3-AC1,"üî® Adapter sa communication √† son interlocuteur selon la situation","<div class=""container"">
    <div class=""card border-warning text-center"">
        <div class=""card-body shadow-lg"">
            <p class=""card-text""><br /></p>
        </div>
    </div>
</div>",1,,,,0,null,PARLENET-C1-N3,705,,
PARLENET-C1-N3-AC1,PARLENET-C1-N3-AC1-OP1,"üéØ Adapter la longueur de son message √† l'interlocuteur, √† l'urgence et au contenu √† faire passer","<div class=""container"">
    <div class=""card border-danger text-center"">
        <div class=""card-body shadow-lg"">
            <p class=""card-text""><br /></p>
        </div>
    </div>
</div>",1,,,,0,null,,728,,
PARLENET-C1-N3-AC1,PARLENET-C1-N3-AC1-OP2,"üéØ Prendre en compte la disponibilit√© de son interlocuteur et s'adapter","<div class=""container"">
    <div class=""card border-danger text-center"">
        <div class=""card-body shadow-lg"">
            <p class=""card-text""><br /></p>
        </div>
    </div>
</div>",1,,,,0,null,,729,,
PARLENET-C1-N3-AC1,PARLENET-C1-N3-AC1-OP3,"üéØ Faire preuve d'empathie et respecter la temporalit√© et le droit √† la d√©connexion de chacun","<div class=""container"">
    <div class=""card border-danger text-center"">
        <div class=""card-body shadow-lg"">
            <p class=""card-text""><br /></p>
        </div>
    </div>
</div>",1,,,,0,null,,730,,
PARLENET-C1-N3,PARLENET-C1-N3-AC2,"üî® Classer et prioriser les outils de communication adapt√©s selon diff√©rentes situations","<div class=""container"">
    <div class=""card border-warning text-center"">
        <div class=""card-body shadow-lg"">
            <p class=""card-text""><br /></p>
        </div>
    </div>
</div>",1,,,,0,null,PARLENET-C1-N3,706,,
PARLENET-C1-N3-AC2,PARLENET-C1-N3-AC2-OP1,"üéØ Classer et prioriser les canaux d'informations selon ses besoins","<div class=""container"">
    <div class=""card border-danger text-center"">
        <div class=""card-body shadow-lg"">
            <p class=""card-text""><br /></p>
        </div>
    </div>
</div>",1,,,,0,null,,731,,
PARLENET-C1-N3-AC2,PARLENET-C1-N3-AC2-OP2,"üéØ Choisir le bon canal de diffusion selon son besoin","<div class=""container"">
    <div class=""card border-danger text-center"">
        <div class=""card-body shadow-lg"">
            <p class=""card-text""><br /></p>
        </div>
    </div>
</div>",1,,,,0,null,,732,,
PARLENET-C1-N3,PARLENET-C1-N3-AC3,"üî® Anticiper les situations de communication potentiellement conflictuelles et adapter sa strat√©gie","<div class=""container"">
    <div class=""card border-warning text-center"">
        <div class=""card-body shadow-lg"">
            <p class=""card-text""><br /></p>
        </div>
    </div>
</div>",1,,,,0,null,,711,,
